sweeps,beta,magnetisation,seed
0,0.25,-1,30
1,0.25,-0.74375,30
2,0.25,-0.54625,30
3,0.25,-0.39125,30
4,0.25,-0.34375,30
5,0.25,-0.26625,30
6,0.25,-0.2075,30
7,0.25,-0.16,30
8,0.25,-0.1025,30
9,0.25,-0.14875,30
10,0.25,-0.10125,30
