sweeps,beta,magnetisation,seed
0,0.25,1,39
1,0.25,0.7725,39
2,0.25,0.58375,39
3,0.25,0.44,39
4,0.25,0.33,39
5,0.25,0.24875,39
6,0.25,0.2125,39
7,0.25,0.16625,39
8,0.25,0.125,39
9,0.25,0.11125,39
10,0.25,0.075,39
11,0.25,0.0775,39
12,0.25,0.0425,39
13,0.25,0.05125,39
14,0.25,0.075,39
15,0.25,0.04375,39
16,0.25,0.01,39
17,0.25,0.06125,39
18,0.25,0.04,39
19,0.25,0.02125,39
20,0.25,0.0775,39
