sweeps,beta,magnetisation,seed
0,0.25,1,10
1,0.25,0.7475,10
2,0.25,0.5375,10
3,0.25,0.4025,10
4,0.25,0.25875,10
5,0.25,0.1625,10
6,0.25,0.1175,10
7,0.25,0.1275,10
8,0.25,0.10375,10
9,0.25,0.0975,10
10,0.25,0.1025,10
11,0.25,0.095,10
12,0.25,0.035,10
13,0.25,0.01625,10
14,0.25,-0.025,10
15,0.25,0.0225,10
16,0.25,0.00375,10
17,0.25,0.00375,10
18,0.25,-0.02,10
19,0.25,-0.01625,10
20,0.25,-0.05,10
