sweeps,beta,magnetisation,seed
0,0.25,1,98
1,0.25,0.75125,98
2,0.25,0.56125,98
3,0.25,0.3925,98
4,0.25,0.3075,98
5,0.25,0.2625,98
6,0.25,0.1875,98
7,0.25,0.17125,98
8,0.25,0.13,98
9,0.25,0.13875,98
10,0.25,0.06375,98
11,0.25,0.07,98
12,0.25,0.0725,98
13,0.25,0.06375,98
14,0.25,0.05375,98
15,0.25,0.05125,98
16,0.25,-0.04375,98
17,0.25,-0.04,98
18,0.25,-0.05625,98
19,0.25,-0.0175,98
20,0.25,-0.0275,98
