sweeps,beta,magnetisation,seed
0,0.25,1,25
1,0.25,0.79375,25
2,0.25,0.605,25
3,0.25,0.4625,25
4,0.25,0.36375,25
5,0.25,0.29875,25
6,0.25,0.24625,25
7,0.25,0.1925,25
8,0.25,0.1825,25
9,0.25,0.1525,25
10,0.25,0.14,25
11,0.25,0.1025,25
12,0.25,0.15625,25
13,0.25,0.13625,25
14,0.25,0.08125,25
15,0.25,0.05875,25
16,0.25,0.05375,25
17,0.25,0.03375,25
18,0.25,-0.00125,25
19,0.25,-0.01625,25
20,0.25,0.02875,25
