sweeps,beta,magnetisation,seed
0,0.25,1,71
1,0.25,0.7425,71
2,0.25,0.56625,71
3,0.25,0.44875,71
4,0.25,0.3075,71
5,0.25,0.21125,71
6,0.25,0.10875,71
7,0.25,0.07875,71
8,0.25,0.075,71
9,0.25,0.095,71
10,0.25,0.06875,71
11,0.25,0.03,71
12,0.25,0.04375,71
13,0.25,0.06625,71
14,0.25,0.04,71
15,0.25,0.0225,71
16,0.25,0.025,71
17,0.25,0.0125,71
18,0.25,-0.04625,71
19,0.25,-0.01125,71
20,0.25,0.01125,71
