sweeps,beta,magnetisation,seed
0,0.25,1,42
1,0.25,0.75375,42
2,0.25,0.5675,42
3,0.25,0.44,42
4,0.25,0.28625,42
5,0.25,0.2075,42
6,0.25,0.145,42
7,0.25,0.15375,42
8,0.25,0.165,42
9,0.25,0.11625,42
10,0.25,0.095,42
11,0.25,0.10125,42
12,0.25,0.125,42
13,0.25,0.13625,42
14,0.25,0.1075,42
15,0.25,0.09625,42
16,0.25,0.10125,42
17,0.25,0.02,42
18,0.25,-0.00375,42
19,0.25,0.0125,42
20,0.25,-0.00625,42
