sweeps,beta,magnetisation,seed
0,0.25,-1,54
1,0.25,-0.7625,54
2,0.25,-0.565,54
3,0.25,-0.4175,54
4,0.25,-0.3375,54
5,0.25,-0.23125,54
6,0.25,-0.1975,54
7,0.25,-0.14125,54
8,0.25,-0.115,54
9,0.25,-0.07875,54
10,0.25,-0.0625,54
