sweeps,beta,magnetisation,seed
0,0.25,1,32
1,0.25,0.79,32
2,0.25,0.5925,32
3,0.25,0.42125,32
4,0.25,0.3875,32
5,0.25,0.26375,32
6,0.25,0.2375,32
7,0.25,0.21,32
8,0.25,0.155,32
9,0.25,0.105,32
10,0.25,0.0425,32
11,0.25,-0.0375,32
12,0.25,-0.03375,32
13,0.25,0.03625,32
14,0.25,0.06125,32
15,0.25,-0.0225,32
16,0.25,0.05,32
17,0.25,0.02125,32
18,0.25,0.015,32
19,0.25,0.015,32
20,0.25,-0.09125,32
