sweeps,beta,magnetisation,seed
0,0.25,1,56
1,0.25,0.7975,56
2,0.25,0.59625,56
3,0.25,0.4225,56
4,0.25,0.315,56
5,0.25,0.25875,56
6,0.25,0.16125,56
7,0.25,0.09375,56
8,0.25,0.0775,56
9,0.25,0.01875,56
10,0.25,-0.0375,56
11,0.25,-0.015,56
12,0.25,-0.01125,56
13,0.25,-0.00625,56
14,0.25,-0.02875,56
15,0.25,0.005,56
16,0.25,-0.00125,56
17,0.25,0.01875,56
18,0.25,0.02625,56
19,0.25,-0.00125,56
20,0.25,0.0225,56
