sweeps,beta,magnetisation,seed
0,0.25,1,85
1,0.25,0.7525,85
2,0.25,0.57,85
3,0.25,0.4325,85
4,0.25,0.27375,85
5,0.25,0.20875,85
6,0.25,0.11125,85
7,0.25,0.1475,85
8,0.25,0.09,85
9,0.25,0.0775,85
10,0.25,0.055,85
11,0.25,0.06,85
12,0.25,0.08125,85
13,0.25,0.06625,85
14,0.25,0.0225,85
15,0.25,-0.0125,85
16,0.25,0.02,85
17,0.25,0.03375,85
18,0.25,0.06625,85
19,0.25,0.0975,85
20,0.25,0.09875,85
