sweeps,beta,magnetisation,seed
0,0.25,1,99
1,0.25,0.725,99
2,0.25,0.5725,99
3,0.25,0.455,99
4,0.25,0.33375,99
5,0.25,0.23625,99
6,0.25,0.19875,99
7,0.25,0.125,99
8,0.25,0.1125,99
9,0.25,0.0925,99
10,0.25,0.09625,99
11,0.25,0.08,99
12,0.25,0.0425,99
13,0.25,-0.005,99
14,0.25,0.02125,99
15,0.25,0.0025,99
16,0.25,0.0075,99
17,0.25,0.03375,99
18,0.25,0.01125,99
19,0.25,0.00375,99
20,0.25,0.01875,99
