sweeps,beta,magnetisation,seed
0,0.25,1,41
1,0.25,0.7525,41
2,0.25,0.565,41
3,0.25,0.43375,41
4,0.25,0.25375,41
5,0.25,0.19125,41
6,0.25,0.15,41
7,0.25,0.09375,41
8,0.25,0.135,41
9,0.25,0.12875,41
10,0.25,0.02,41
11,0.25,-0.035,41
12,0.25,-0.015,41
13,0.25,0.015,41
14,0.25,0,41
15,0.25,-0.0525,41
16,0.25,-0.0275,41
17,0.25,-0.01625,41
18,0.25,0.0025,41
19,0.25,-0.01125,41
20,0.25,-0.025,41
