sweeps,beta,magnetisation,seed
0,0.25,1,34
1,0.25,0.75,34
2,0.25,0.5625,34
3,0.25,0.44125,34
4,0.25,0.33375,34
5,0.25,0.26875,34
6,0.25,0.205,34
7,0.25,0.1625,34
8,0.25,0.11625,34
9,0.25,0.10875,34
10,0.25,0.0575,34
11,0.25,0.03375,34
12,0.25,0.0175,34
13,0.25,0.0425,34
14,0.25,0.065,34
15,0.25,0.03875,34
16,0.25,0.03,34
17,0.25,0.08,34
18,0.25,0.1,34
19,0.25,0.06,34
20,0.25,0.0925,34
