sweeps,beta,magnetisation,seed
0,0.25,1,35
1,0.25,0.755,35
2,0.25,0.5525,35
3,0.25,0.445,35
4,0.25,0.4275,35
5,0.25,0.34625,35
6,0.25,0.235,35
7,0.25,0.18375,35
8,0.25,0.15875,35
9,0.25,0.21,35
10,0.25,0.135,35
11,0.25,0.07875,35
12,0.25,0.0825,35
13,0.25,0.10375,35
14,0.25,0.06,35
15,0.25,0.02625,35
16,0.25,0.03625,35
17,0.25,0.01,35
18,0.25,-0.045,35
19,0.25,-0.05875,35
20,0.25,-0.05375,35
