sweeps,beta,magnetisation,seed
0,0.25,1,84
1,0.25,0.7475,84
2,0.25,0.5725,84
3,0.25,0.4075,84
4,0.25,0.32,84
5,0.25,0.2375,84
6,0.25,0.245,84
7,0.25,0.23125,84
8,0.25,0.18875,84
9,0.25,0.13375,84
10,0.25,0.11875,84
11,0.25,0.075,84
12,0.25,0.04625,84
13,0.25,-0.01375,84
14,0.25,0.0025,84
15,0.25,0,84
16,0.25,-0.01125,84
17,0.25,-0.00875,84
18,0.25,0.00875,84
19,0.25,-0.015,84
20,0.25,-0.01125,84
