sweeps,beta,magnetisation,seed
0,0.25,1,26
1,0.25,0.80125,26
2,0.25,0.57375,26
3,0.25,0.42625,26
4,0.25,0.29375,26
5,0.25,0.215,26
6,0.25,0.23375,26
7,0.25,0.11,26
8,0.25,0.04,26
9,0.25,-0.00375,26
10,0.25,0.05375,26
11,0.25,0.075,26
12,0.25,0.07,26
13,0.25,0.10875,26
14,0.25,0.10125,26
15,0.25,0.09125,26
16,0.25,0.08875,26
17,0.25,0.0875,26
18,0.25,0.045,26
19,0.25,-0.005,26
20,0.25,-0.04875,26
