sweeps,beta,magnetisation,seed
0,0.25,-1,95
1,0.25,-0.75,95
2,0.25,-0.56375,95
3,0.25,-0.40875,95
4,0.25,-0.34375,95
5,0.25,-0.2275,95
6,0.25,-0.23125,95
7,0.25,-0.1625,95
8,0.25,-0.1175,95
9,0.25,-0.0975,95
10,0.25,-0.09125,95
