sweeps,beta,magnetisation,seed
0,0.25,1,9
1,0.25,0.77625,9
2,0.25,0.5625,9
3,0.25,0.38625,9
4,0.25,0.25125,9
5,0.25,0.22125,9
6,0.25,0.18,9
7,0.25,0.195,9
8,0.25,0.08625,9
9,0.25,0.055,9
10,0.25,0.03375,9
11,0.25,0.085,9
12,0.25,0.05625,9
13,0.25,0.06625,9
14,0.25,-0.01375,9
15,0.25,-0.04125,9
16,0.25,0.02125,9
17,0.25,-0.0025,9
18,0.25,0.0275,9
19,0.25,0.03625,9
20,0.25,-0.02125,9
