sweeps,beta,magnetisation,seed
0,0.25,1,36
1,0.25,0.7775,36
2,0.25,0.575,36
3,0.25,0.4625,36
4,0.25,0.33125,36
5,0.25,0.21625,36
6,0.25,0.2225,36
7,0.25,0.2075,36
8,0.25,0.15125,36
9,0.25,0.0725,36
10,0.25,0.04375,36
11,0.25,0.0575,36
12,0.25,0.03875,36
13,0.25,0.02375,36
14,0.25,0.035,36
15,0.25,0.06125,36
16,0.25,0.015,36
17,0.25,-0.055,36
18,0.25,-0.05375,36
19,0.25,-0.045,36
20,0.25,-0.01125,36
