sweeps,beta,magnetisation,seed
0,0.25,-1,12
1,0.25,-0.74625,12
2,0.25,-0.5625,12
3,0.25,-0.445,12
4,0.25,-0.30625,12
5,0.25,-0.29625,12
6,0.25,-0.22,12
7,0.25,-0.13125,12
8,0.25,-0.125,12
9,0.25,-0.16125,12
10,0.25,-0.17,12
