sweeps,beta,magnetisation,energyseed
0,0.25,1,28
1,0.25,0.76125,28
2,0.25,0.5675,28
3,0.25,0.4175,28
4,0.25,0.29875,28
