sweeps,beta,magnetisation,seed
0,0.25,1,70
1,0.25,0.7475,70
2,0.25,0.5875,70
3,0.25,0.4375,70
4,0.25,0.2975,70
5,0.25,0.2375,70
6,0.25,0.195,70
7,0.25,0.1125,70
8,0.25,0.09125,70
9,0.25,0.115,70
10,0.25,0.07625,70
11,0.25,0.06125,70
12,0.25,0.01125,70
13,0.25,-0.01375,70
14,0.25,-0.03625,70
15,0.25,-0.00875,70
16,0.25,0.03,70
17,0.25,0.065,70
18,0.25,0.01625,70
19,0.25,0.03375,70
20,0.25,0.05875,70
