sweeps,beta,magnetisation,seed
0,0.25,1,20
1,0.25,0.78875,20
2,0.25,0.59375,20
3,0.25,0.46625,20
4,0.25,0.37875,20
5,0.25,0.2875,20
6,0.25,0.21,20
7,0.25,0.1375,20
8,0.25,0.15125,20
9,0.25,0.16625,20
10,0.25,0.10625,20
11,0.25,0.1075,20
12,0.25,0.0775,20
13,0.25,0.075,20
14,0.25,0.0775,20
15,0.25,0.01625,20
16,0.25,-0.01125,20
17,0.25,-0.055,20
18,0.25,-0.025,20
19,0.25,-0.0225,20
20,0.25,-0.015,20
