sweeps,beta,magnetisation,seed
0,0.25,1,58
1,0.25,0.7575,58
2,0.25,0.5725,58
3,0.25,0.47875,58
4,0.25,0.3525,58
5,0.25,0.295,58
6,0.25,0.225,58
7,0.25,0.16875,58
8,0.25,0.13125,58
9,0.25,0.13875,58
10,0.25,0.09875,58
11,0.25,0.09625,58
12,0.25,0.10625,58
13,0.25,0.11625,58
14,0.25,0.09625,58
15,0.25,0.0375,58
16,0.25,0.05375,58
17,0.25,-0.015,58
18,0.25,-0.03625,58
19,0.25,0.00875,58
20,0.25,-0.08625,58
