sweeps,beta,magnetisation,seed
0,0.25,-1,72
1,0.25,-0.75875,72
2,0.25,-0.58125,72
3,0.25,-0.435,72
4,0.25,-0.35125,72
5,0.25,-0.24875,72
6,0.25,-0.27875,72
7,0.25,-0.21375,72
8,0.25,-0.0475,72
9,0.25,-0.05,72
10,0.25,-0.0075,72
