sweeps,beta,magnetisation,seed
0,0.25,-1,1
1,0.25,-0.7775,1
2,0.25,-0.575,1
3,0.25,-0.45125,1
4,0.25,-0.32875,1
5,0.25,-0.22875,1
6,0.25,-0.125,1
7,0.25,-0.11375,1
8,0.25,-0.0875,1
9,0.25,-0.10375,1
10,0.25,-0.07625,1
