sweeps,beta,magnetisation,seed
0,0.25,1,40
1,0.25,0.79,40
2,0.25,0.6425,40
3,0.25,0.45125,40
4,0.25,0.38875,40
5,0.25,0.32625,40
6,0.25,0.22125,40
7,0.25,0.17625,40
8,0.25,0.1075,40
9,0.25,0.06125,40
10,0.25,0.04,40
11,0.25,0.0175,40
12,0.25,0.03,40
13,0.25,0.00875,40
14,0.25,0.0025,40
15,0.25,-0.01375,40
16,0.25,-0.0525,40
17,0.25,-0.01625,40
18,0.25,-0.05,40
19,0.25,-0.04,40
20,0.25,-0.00125,40
