sweeps,beta,magnetisation,seed
0,0.25,-1,8
1,0.25,-0.75,8
2,0.25,-0.58,8
3,0.25,-0.49375,8
4,0.25,-0.39625,8
5,0.25,-0.23875,8
6,0.25,-0.18,8
7,0.25,-0.1475,8
8,0.25,-0.155,8
9,0.25,-0.13375,8
10,0.25,-0.1325,8
