sweeps,beta,magnetisation,seed
0,0.25,-1,33
1,0.25,-0.76375,33
2,0.25,-0.5675,33
3,0.25,-0.41375,33
4,0.25,-0.305,33
5,0.25,-0.19,33
6,0.25,-0.12,33
7,0.25,-0.115,33
8,0.25,-0.0625,33
9,0.25,-0.0675,33
10,0.25,-0.02625,33
