sweeps,beta,magnetisation,seed
0,0.25,-1,2
1,0.25,-0.77375,2
2,0.25,-0.61625,2
3,0.25,-0.445,2
4,0.25,-0.32625,2
5,0.25,-0.29625,2
6,0.25,-0.22875,2
7,0.25,-0.16,2
8,0.25,-0.08,2
9,0.25,-0.06625,2
10,0.25,-0.01375,2
