sweeps,beta,magnetisation,seed
0,0.25,1,76
1,0.25,0.785,76
2,0.25,0.61625,76
3,0.25,0.46875,76
4,0.25,0.35375,76
5,0.25,0.2975,76
6,0.25,0.1975,76
7,0.25,0.1025,76
8,0.25,0.0775,76
9,0.25,0.05125,76
10,0.25,0.03,76
11,0.25,0.04375,76
12,0.25,0.02625,76
13,0.25,0.01,76
14,0.25,-0.02625,76
15,0.25,-0.05,76
16,0.25,-0.05,76
17,0.25,-0.0575,76
18,0.25,-0.04375,76
19,0.25,0.005,76
20,0.25,-0.00125,76
