sweeps,beta,magnetisation,seed
0,0.25,1,57
1,0.25,0.75125,57
2,0.25,0.5575,57
3,0.25,0.385,57
4,0.25,0.295,57
5,0.25,0.21375,57
6,0.25,0.1825,57
7,0.25,0.18625,57
8,0.25,0.12125,57
9,0.25,0.1025,57
10,0.25,0.085,57
11,0.25,0.1275,57
12,0.25,0.12625,57
13,0.25,0.10375,57
14,0.25,0.06,57
15,0.25,0.05,57
16,0.25,0.02625,57
17,0.25,-0.03625,57
18,0.25,0.01375,57
19,0.25,0.115,57
20,0.25,0.0925,57
