sweeps,beta,magnetisation,seed
0,0.25,1,28
1,0.25,0.76125,28
2,0.25,0.5675,28
3,0.25,0.4175,28
4,0.25,0.29875,28
5,0.25,0.21125,28
6,0.25,0.175,28
7,0.25,0.165,28
8,0.25,0.08375,28
9,0.25,0.0125,28
10,0.25,0.045,28
11,0.25,0.09,28
12,0.25,0.07375,28
13,0.25,0.0775,28
14,0.25,0.0625,28
15,0.25,0.04,28
16,0.25,0.01875,28
17,0.25,0.00375,28
18,0.25,-0.025,28
19,0.25,-0.06875,28
20,0.25,-0.0675,28
