sweeps,beta,magnetisation,seed
0,0.25,1,77
1,0.25,0.77125,77
2,0.25,0.5575,77
3,0.25,0.42625,77
4,0.25,0.2775,77
5,0.25,0.15125,77
6,0.25,0.05125,77
7,0.25,0.03875,77
8,0.25,0.03,77
9,0.25,0.01875,77
10,0.25,-0.01125,77
11,0.25,-0.09,77
12,0.25,-0.035,77
13,0.25,-0.00625,77
14,0.25,0.00375,77
15,0.25,-0.00875,77
16,0.25,-0.08875,77
17,0.25,-0.01125,77
18,0.25,-0.03375,77
19,0.25,-0.01,77
20,0.25,0.02,77
