sweeps,beta,magnetisation,seed
0,0.25,-1,67
1,0.25,-0.7475,67
2,0.25,-0.5975,67
3,0.25,-0.4925,67
4,0.25,-0.38625,67
5,0.25,-0.295,67
6,0.25,-0.2225,67
7,0.25,-0.1525,67
8,0.25,-0.13,67
9,0.25,-0.08625,67
10,0.25,-0.065,67
