sweeps,beta,magnetisation,seed
0,0.25,1,22
1,0.25,0.76125,22
2,0.25,0.57,22
3,0.25,0.48,22
4,0.25,0.3725,22
5,0.25,0.295,22
6,0.25,0.225,22
7,0.25,0.1675,22
8,0.25,0.13125,22
9,0.25,0.04375,22
10,0.25,0.04125,22
11,0.25,0.0475,22
12,0.25,0.04375,22
13,0.25,0.10875,22
14,0.25,0.14625,22
15,0.25,0.14625,22
16,0.25,0.05625,22
17,0.25,-0.01375,22
18,0.25,-0.0025,22
19,0.25,0.02125,22
20,0.25,0.04125,22
