sweeps,beta,magnetisation,seed
0,0.25,1,14
1,0.25,0.725,14
2,0.25,0.5525,14
3,0.25,0.37625,14
4,0.25,0.265,14
5,0.25,0.19625,14
6,0.25,0.12625,14
7,0.25,0.10375,14
8,0.25,0.04,14
9,0.25,0.04875,14
10,0.25,0.04875,14
11,0.25,0.00375,14
12,0.25,0.03125,14
13,0.25,0.03875,14
14,0.25,0.035,14
15,0.25,0.04125,14
16,0.25,0.01,14
17,0.25,0.04375,14
18,0.25,0.06875,14
19,0.25,0.0225,14
20,0.25,0.02375,14
