sweeps,beta,magnetisation,seed
0,0.25,-1,66
1,0.25,-0.73875,66
2,0.25,-0.565,66
3,0.25,-0.385,66
4,0.25,-0.28875,66
5,0.25,-0.19,66
6,0.25,-0.12375,66
7,0.25,-0.12375,66
8,0.25,-0.10875,66
9,0.25,-0.0575,66
10,0.25,-0.02125,66
