sweeps,beta,magnetisation,seed
0,0.25,1,27
1,0.25,0.7675,27
2,0.25,0.6,27
3,0.25,0.42875,27
4,0.25,0.2925,27
5,0.25,0.2,27
6,0.25,0.11875,27
7,0.25,0.16,27
8,0.25,0.1675,27
9,0.25,0.0975,27
10,0.25,0.005,27
11,0.25,0.01125,27
12,0.25,-0.015,27
13,0.25,-0.0225,27
14,0.25,0.0325,27
15,0.25,-0.0075,27
16,0.25,0.045,27
17,0.25,0.00625,27
18,0.25,-0.0075,27
19,0.25,-0.05125,27
20,0.25,-0.0575,27
