sweeps,beta,magnetisation,seed
0,0.25,1,68
1,0.25,0.75,68
2,0.25,0.55375,68
3,0.25,0.39375,68
4,0.25,0.31,68
5,0.25,0.2225,68
6,0.25,0.1525,68
7,0.25,0.0225,68
8,0.25,0.04875,68
9,0.25,0.05,68
10,0.25,0.06,68
11,0.25,0.03,68
12,0.25,0.06625,68
13,0.25,0.0525,68
14,0.25,0.1,68
15,0.25,0.03125,68
16,0.25,-0.04875,68
17,0.25,-0.03875,68
18,0.25,0.0175,68
19,0.25,0.00875,68
20,0.25,-0.03125,68
