sweeps,magnetisation,seed
0,-1,3
1,-0.77125,3
2,-0.565,3
3,-0.39375,3
4,-0.315,3
5,-0.22,3
6,-0.2,3
7,-0.1475,3
8,-0.10875,3
9,-0.03625,3
10,-0.0725,3
