sweeps,magnetisation,seed
0,-1,4
1,-0.74875,4
2,-0.5225,4
3,-0.38375,4
4,-0.2725,4
5,-0.2575,4
6,-0.18375,4
7,-0.21125,4
8,-0.12125,4
9,-0.07,4
10,-0.06625,4
