sweeps,magnetisation,seed
0,-1,29
1,-0.7725,29
2,-0.5875,29
3,-0.4025,29
4,-0.34625,29
5,-0.26125,29
6,-0.2375,29
7,-0.18875,29
8,-0.14,29
9,-0.1675,29
10,-0.145,29
