sweeps,magnetisation,seed
0,-1,12
1,-0.74625,12
2,-0.5625,12
3,-0.445,12
4,-0.30625,12
5,-0.29625,12
6,-0.22,12
7,-0.13125,12
8,-0.125,12
9,-0.16125,12
10,-0.17,12
