sweeps,beta,magnetisation,seed
0,0.25,1,3
1,0.25,0.745,3
2,0.25,0.5225,3
3,0.25,0.44625,3
4,0.25,0.3,3
5,0.25,0.2375,3
6,0.25,0.2375,3
7,0.25,0.1875,3
8,0.25,0.13375,3
9,0.25,0.07125,3
10,0.25,0.04625,3
11,0.25,0.00625,3
12,0.25,0.065,3
13,0.25,0.05125,3
14,0.25,0.04375,3
15,0.25,0.0225,3
16,0.25,-0.05,3
17,0.25,-0.10625,3
18,0.25,-0.06125,3
19,0.25,-0.01,3
20,0.25,-0.0425,3
