sweeps,magnetisation,seed
0,-1,28
1,-0.78625,28
2,-0.60625,28
3,-0.4725,28
4,-0.36125,28
5,-0.23375,28
6,-0.2325,28
7,-0.1475,28
8,-0.09375,28
9,-0.09875,28
10,-0.115,28
