sweeps,beta,magnetisation,energy,seed
0,0.7,1,-4,1
1,0.7,0.98875,-3.92,1
2,0.7,0.99375,-3.95,1
3,0.7,0.98875,-3.915,1
4,0.7,0.99375,-3.95,1
5,0.7,0.99375,-3.95,1
6,0.7,0.99375,-3.95,1
7,0.7,0.9925,-3.945,1
8,0.7,0.99,-3.935,1
9,0.7,0.99125,-3.93,1
10,0.7,0.9925,-3.94,1
