sweeps,beta,magnetisation,energy,seed
0,0.2,1,-4,9
1,0.2,0.6525,-2.065,9
2,0.2,0.4075,-1.175,9
3,0.2,0.3,-1.255,9
4,0.2,0.23,-1.02,9
5,0.2,0.18,-0.905,9
6,0.2,0.09,-0.865,9
7,0.2,0.1325,-0.89,9
8,0.2,0.06375,-0.835,9
9,0.2,0.07875,-0.895,9
10,0.2,0.0775,-0.885,9
