sweeps,beta,magnetisation,energy,seed
0,0.25,1,-6400,5
1,0.25,0.7475,-3944,5
2,0.25,0.56375,-2912,5
3,0.25,0.42875,-2296,5
4,0.25,0.28625,-2080,5
5,0.25,0.19375,-1880,5
6,0.25,0.105,-1816,5
7,0.25,0.06625,-1800,5
8,0.25,0.05375,-1864,5
9,0.25,0.1025,-1936,5
10,0.25,0.05625,-1992,5
