sweeps,beta,magnetisation,energy,seed
0,0.2,1,-4,7
1,0.2,0.65875,-2,7
2,0.2,0.40125,-1.275,7
3,0.2,0.19625,-0.83,7
4,0.2,0.18375,-0.845,7
5,0.2,0.125,-0.835,7
6,0.2,0.0625,-0.85,7
7,0.2,0.0675,-0.735,7
8,0.2,0.025,-0.705,7
9,0.2,0.06375,-1.035,7
10,0.2,0.00375,-0.955,7
