sweeps,magnetisation,seed
0,-1,15
1,-0.76625,15
2,-0.5975,15
3,-0.4825,15
4,-0.35875,15
5,-0.2925,15
6,-0.24125,15
7,-0.14625,15
8,-0.18,15
9,-0.1775,15
10,-0.1075,15
