sweeps,beta,magnetisation,energy,seed
0,0.25,1,-4,5
1,0.25,0.7475,-2.465,5
2,0.25,0.56375,-1.82,5
3,0.25,0.42875,-1.435,5
4,0.25,0.28625,-1.3,5
5,0.25,0.19375,-1.175,5
6,0.25,0.105,-1.135,5
7,0.25,0.06625,-1.125,5
8,0.25,0.05375,-1.165,5
9,0.25,0.1025,-1.21,5
10,0.25,0.05625,-1.245,5
