sweeps,magnetisation,seed
0,0.02625,17
1,0.07875,17
2,0.03875,17
3,0.0275,17
4,0.0275,17
5,0.045,17
6,0.01375,17
7,-0.0175,17
8,-0.0175,17
9,0.015,17
10,0.06,17
