sweeps,beta,magnetisation,energy,G,seed
0,0.2,1,-4,1,2
1,0.2,0.6475,-2,0.5225,2
2,0.2,0.4,-1.23,0.2825,2
3,0.2,0.25875,-0.875,0.2125,2
4,0.2,0.10125,-0.7,0.16,2
5,0.2,0.10125,-0.83,0.21,2
6,0.2,0.1075,-0.755,0.19,2
7,0.2,0.07625,-0.765,0.215,2
8,0.2,0.04625,-0.855,0.1975,2
9,0.2,0.04875,-0.795,0.1825,2
10,0.2,0.04125,-0.73,0.2,2
