sweeps,magnetisation,seed
0,-0.0675,8
1,-0.04125,8
2,-0.01875,8
3,-0.03875,8
4,0.0125,8
5,-0.02375,8
6,-0.01125,8
7,0.0225,8
8,0.04375,8
9,0.0275,8
10,0.07125,8
