sweeps,magnetisation,seed
0,0.02875,9
1,0.02125,9
2,0.02125,9
3,0.00875,9
4,0.02625,9
5,0.01375,9
6,-0.03,9
7,-0.03875,9
8,-0.0225,9
9,0.00625,9
10,0.00125,9
