sweeps,beta,magnetisation,energy,seed
0,0.7,-1,-6400,4
1,0.7,-0.99375,-6328,4
2,0.7,-0.995,-6336,4
3,0.7,-0.99375,-6320,4
4,0.7,-0.99125,-6288,4
5,0.7,-0.99375,-6320,4
6,0.7,-0.985,-6208,4
7,0.7,-0.99,-6272,4
8,0.7,-0.9925,-6304,4
9,0.7,-0.995,-6336,4
10,0.7,-0.9975,-6368,4
