sweeps,magnetisation,seed
0,0.03125,13
1,0.0175,13
2,0.00875,13
3,0.0125,13
4,-0.03,13
5,-0.00125,13
6,0.0025,13
7,0.04,13
8,0.03,13
9,0.03375,13
10,0.04625,13
