sweeps,beta,magnetisation,energy,G,seed
0,0.2,1,-4,1,1
1,0.2,0.66875,-2.115,0.5375,1
2,0.2,0.4425,-1.32,0.3375,1
3,0.2,0.26875,-1.005,0.25,1
4,0.2,0.1575,-0.855,0.2175,1
5,0.2,0.1525,-0.945,0.235,1
6,0.2,0.0925,-0.895,0.1875,1
7,0.2,0.0675,-0.805,0.1925,1
8,0.2,-0.02375,-0.71,0.1775,1
9,0.2,0.00125,-0.78,0.1925,1
10,0.2,0.03625,-0.705,0.1525,1
