sweeps,magnetisation,seed
0,0.04375,12
1,0.0675,12
2,0.04125,12
