sweeps,beta,magnetisation,energy,seed
0,0.2,1,-4,1
1,0.2,0.66875,-2.115,1
2,0.2,0.4425,-1.32,1
3,0.2,0.26875,-1.005,1
4,0.2,0.1575,-0.855,1
5,0.2,0.1525,-0.945,1
6,0.2,0.0925,-0.895,1
7,0.2,0.0675,-0.805,1
8,0.2,-0.02375,-0.71,1
9,0.2,0.00125,-0.78,1
10,0.2,0.03625,-0.705,1
