sweeps,magnetisation,seed
0,0.0325,14
1,0.02625,14
2,0.05625,14
3,0.0925,14
4,0.05,14
5,0.0475,14
6,0.0125,14
7,-0.0375,14
8,0.01125,14
9,-0.02875,14
10,-0.0225,14
