sweeps,magnetisation,seed
0,0.0525,6
1,0.02375,6
2,-0.00125,6
3,-0.01,6
4,-0.0675,6
5,-0.04375,6
6,-0.06375,6
7,-0.0425,6
8,-0.09625,6
9,-0.0825,6
10,-0.105,6
