sweeps,beta,magnetisation,energy,seed
0,0.25,1,-6400,6
1,0.25,0.745,-3976,6
2,0.25,0.56625,-3120,6
3,0.25,0.44875,-2568,6
4,0.25,0.3475,-2296,6
5,0.25,0.31125,-2072,6
6,0.25,0.27375,-2088,6
7,0.25,0.24625,-1984,6
8,0.25,0.16125,-1736,6
9,0.25,0.06375,-1568,6
10,0.25,0.1,-1584,6
