sweeps,beta,magnetisation,energy,seed
0,0.7,-1,-6400,9
1,0.7,-0.995,-6336,9
2,0.7,-0.99375,-6328,9
3,0.7,-0.99625,-6352,9
4,0.7,-0.99625,-6352,9
5,0.7,-0.99375,-6320,9
6,0.7,-0.98875,-6256,9
7,0.7,-0.99375,-6320,9
8,0.7,-0.98375,-6224,9
9,0.7,-0.98375,-6232,9
10,0.7,-0.98625,-6288,9
