sweeps,beta,magnetisation,energy,seed
0,0.25,1,-4,4
1,0.25,0.74875,-2.46,4
2,0.25,0.5225,-1.755,4
3,0.25,0.38375,-1.49,4
4,0.25,0.2725,-1.305,4
5,0.25,0.2575,-1.175,4
6,0.25,0.18375,-0.97,4
7,0.25,0.21125,-1.22,4
8,0.25,0.12125,-1.175,4
9,0.25,0.07,-0.955,4
10,0.25,0.06625,-1.035,4
