sweeps,beta,magnetisation,energy,seed
0,0.2,1,-4,8
1,0.2,0.64625,-2.035,8
2,0.2,0.355,-1.115,8
3,0.2,0.21625,-1.045,8
4,0.2,0.13,-0.885,8
5,0.2,0.1125,-0.98,8
6,0.2,0.02625,-0.93,8
7,0.2,0.0275,-0.865,8
8,0.2,-0.01,-0.855,8
9,0.2,-0.04375,-0.785,8
10,0.2,0,-0.875,8
