sweeps,beta,magnetisation,energy,seed
0,0.7,1,-4,6
1,0.7,0.9975,-3.98,6
2,0.7,0.99625,-3.97,6
3,0.7,0.99125,-3.93,6
4,0.7,0.99375,-3.95,6
5,0.7,0.99625,-3.97,6
6,0.7,0.99375,-3.95,6
7,0.7,0.98125,-3.875,6
8,0.7,0.98625,-3.905,6
9,0.7,0.995,-3.96,6
10,0.7,0.99125,-3.93,6
