sweeps,beta,magnetisation,energy,seed
0,0.7,1,-4,4
1,0.7,0.99375,-3.955,4
2,0.7,0.995,-3.96,4
3,0.7,0.99375,-3.95,4
4,0.7,0.99125,-3.93,4
5,0.7,0.99375,-3.95,4
6,0.7,0.985,-3.88,4
7,0.7,0.99,-3.92,4
8,0.7,0.9925,-3.94,4
9,0.7,0.995,-3.96,4
10,0.7,0.9975,-3.98,4
