sweeps,beta,magnetisation,energy,seed
0,0.7,-1,-6400,6
1,0.7,-0.9975,-6368,6
2,0.7,-0.99625,-6352,6
3,0.7,-0.99125,-6288,6
4,0.7,-0.99375,-6320,6
5,0.7,-0.99625,-6352,6
6,0.7,-0.99375,-6320,6
7,0.7,-0.98125,-6200,6
8,0.7,-0.98625,-6248,6
9,0.7,-0.995,-6336,6
10,0.7,-0.99125,-6288,6
