sweeps,beta,magnetisation,energy,seed
0,0.2,1,-4,2
1,0.2,0.6475,-2,2
2,0.2,0.4,-1.23,2
3,0.2,0.25875,-0.875,2
4,0.2,0.10125,-0.7,2
5,0.2,0.10125,-0.83,2
6,0.2,0.1075,-0.755,2
7,0.2,0.07625,-0.765,2
8,0.2,0.04625,-0.855,2
9,0.2,0.04875,-0.795,2
10,0.2,0.04125,-0.73,2
