sweeps,beta,magnetisation,energy,seed
0,0.7,-1,-6400,3
1,0.7,-0.9925,-6304,3
2,0.7,-0.99375,-6320,3
3,0.7,-0.99625,-6352,3
4,0.7,-0.99375,-6320,3
5,0.7,-0.9925,-6304,3
6,0.7,-0.98625,-6232,3
7,0.7,-0.985,-6232,3
8,0.7,-0.98375,-6216,3
9,0.7,-0.98125,-6176,3
10,0.7,-0.975,-6112,3
