sweeps,beta,magnetisation,energy,G,seed
0,0.2,1,-4,1,7
1,0.2,0.65875,-2,0.51,7
2,0.2,0.40125,-1.275,0.3525,7
3,0.2,0.19625,-0.83,0.235,7
4,0.2,0.18375,-0.845,0.2225,7
5,0.2,0.125,-0.835,0.215,7
6,0.2,0.0625,-0.85,0.205,7
7,0.2,0.0675,-0.735,0.1875,7
8,0.2,0.025,-0.705,0.19,7
9,0.2,0.06375,-1.035,0.275,7
10,0.2,0.00375,-0.955,0.27,7
