sweeps,beta,magnetisation,energy,G,seed
0,0.2,1,-4,1,6
1,0.2,0.61625,-1.855,0.45,6
2,0.2,0.37625,-1.245,0.3175,6
3,0.2,0.16125,-0.915,0.23,6
4,0.2,0.115,-0.84,0.1875,6
5,0.2,0.03875,-0.975,0.2275,6
6,0.2,0.0175,-0.935,0.23,6
7,0.2,0.005,-0.9,0.24,6
8,0.2,-0.07375,-0.93,0.24,6
9,0.2,-0.05375,-0.815,0.2175,6
10,0.2,-0.09375,-0.91,0.2375,6
