sweeps,beta,magnetisation,energy,seed
0,0.25,1,-6400,16
1,0.25,0.79875,-4360,16
2,0.25,0.605,-3104,16
3,0.25,0.47,-2592,16
4,0.25,0.38125,-2312,16
5,0.25,0.2525,-1992,16
6,0.25,0.22,-1968,16
7,0.25,0.14125,-1656,16
8,0.25,0.09875,-1752,16
9,0.25,0.1175,-1784,16
