sweeps,beta,magnetisation,energy,seed
0,0.25,1,-4,0
1,0.25,0.7675,-2.55,0
2,0.25,0.60375,-1.87,0
3,0.25,0.44875,-1.59,0
4,0.25,0.35625,-1.41,0
5,0.25,0.24875,-1.325,0
6,0.25,0.1975,-1.155,0
7,0.25,0.17875,-1.1,0
8,0.25,0.1325,-1.235,0
9,0.25,0.14,-1.135,0
10,0.25,0.14375,-1.265,0
