sweeps,beta,magnetisation,energy,seed
0,0.2,1,-4,0
1,0.2,0.66875,-2.03,0
2,0.2,0.40625,-1.38,0
3,0.2,0.27125,-1.03,0
4,0.2,0.18,-0.98,0
5,0.2,0.14,-0.875,0
6,0.2,0.10125,-0.91,0
7,0.2,-0.0075,-0.67,0
8,0.2,0.04,-0.69,0
9,0.2,0.025,-0.81,0
10,0.2,-0.0325,-0.76,0
