sweeps,beta,magnetisation,energy,seed
0,0.25,1,-4,9
1,0.25,0.7525,-2.49,9
2,0.25,0.56,-1.765,9
3,0.25,0.42375,-1.465,9
4,0.25,0.31875,-1.36,9
5,0.25,0.24625,-1.315,9
6,0.25,0.22625,-1.21,9
7,0.25,0.18,-1.165,9
8,0.25,0.15,-1.225,9
9,0.25,0.11,-1.21,9
10,0.25,0.07,-1.16,9
