sweeps,beta,magnetisation,energy,seed
0,0.25,1,-6400,0
1,0.25,0.7675,-4080,0
2,0.25,0.60375,-2992,0
3,0.25,0.44875,-2544,0
4,0.25,0.35625,-2256,0
5,0.25,0.24875,-2120,0
6,0.25,0.1975,-1848,0
7,0.25,0.17875,-1760,0
8,0.25,0.1325,-1976,0
9,0.25,0.14,-1816,0
10,0.25,0.14375,-2024,0
