sweeps,beta,magnetisation,energy,G,seed
0,0.2,1,-4,1,8
1,0.2,0.64625,-2.035,0.5,8
2,0.2,0.355,-1.115,0.285,8
3,0.2,0.21625,-1.045,0.2625,8
4,0.2,0.13,-0.885,0.22,8
5,0.2,0.1125,-0.98,0.26,8
6,0.2,0.02625,-0.93,0.23,8
7,0.2,0.0275,-0.865,0.21,8
8,0.2,-0.01,-0.855,0.205,8
9,0.2,-0.04375,-0.785,0.1825,8
10,0.2,0,-0.875,0.2425,8
