sweeps,magnetisation,seed
0,-0.0925,33
1,-0.09875,33
2,-0.11625,33
3,-0.04625,33
4,0.04125,33
5,0.01,33
6,0.0275,33
7,0.01875,33
8,-0.02125,33
