sweeps,beta,magnetisation,energy,seed
0,0.25,1,-6400,9
1,0.25,0.7525,-3984,9
2,0.25,0.56,-2824,9
3,0.25,0.42375,-2344,9
4,0.25,0.31875,-2176,9
5,0.25,0.24625,-2104,9
6,0.25,0.22625,-1936,9
7,0.25,0.18,-1864,9
8,0.25,0.15,-1960,9
9,0.25,0.11,-1936,9
10,0.25,0.07,-1856,9
