sweeps,beta,magnetisation,energy,G,seed
0,0.2,1,-4,1,3
1,0.2,0.63875,-1.935,0.4875,3
2,0.2,0.3775,-1.1,0.27,3
3,0.2,0.1925,-0.89,0.215,3
4,0.2,0.0825,-0.825,0.225,3
5,0.2,0.02625,-0.865,0.2075,3
6,0.2,-0.04,-0.71,0.1625,3
7,0.2,-0.0475,-0.92,0.22,3
8,0.2,0.0125,-0.875,0.2125,3
9,0.2,-0.0125,-0.79,0.19,3
10,0.2,-0.09,-0.765,0.1975,3
