sweeps,magnetisation,seed
0,0.00125,15
1,0.0075,15
2,0.00375,15
3,-0.0125,15
4,-0.01625,15
5,-0.03,15
6,-0.0125,15
7,-0.00625,15
8,0.01625,15
9,-0.0075,15
10,0.02,15
