sweeps,beta,magnetisation,energy,seed
0,0.2,1,-4,4
1,0.2,0.67875,-2.125,4
2,0.2,0.42125,-1.245,4
3,0.2,0.18625,-0.845,4
4,0.2,0.1575,-0.875,4
5,0.2,0.03,-0.855,4
6,0.2,0.00125,-0.825,4
7,0.2,-0.015,-0.93,4
8,0.2,0.05,-0.97,4
9,0.2,0.06625,-0.975,4
10,0.2,0.065,-0.935,4
