sweeps,magnetisation,seed
0,-0.14375,1
1,-0.15125,1
2,-0.14375,1
3,-0.11625,1
4,-0.10125,1
5,-0.0925,1
6,-0.06875,1
7,-0.055,1
8,-0.04625,1
9,-0.10125,1
