sweeps,beta,magnetisation,energy,seed
0,0.7,1,-4,8
1,0.7,0.99875,-3.99,8
2,0.7,0.99375,-3.955,8
3,0.7,0.98625,-3.915,8
4,0.7,0.99,-3.935,8
5,0.7,0.9875,-3.925,8
6,0.7,0.995,-3.97,8
7,0.7,0.9925,-3.945,8
8,0.7,0.9875,-3.905,8
9,0.7,0.985,-3.89,8
10,0.7,0.9875,-3.91,8
