sweeps,beta,magnetisation,energy,seed
0,0.25,1,-6400,7
1,0.25,0.78,-4232,7
2,0.25,0.62625,-3192,7
3,0.25,0.48,-2824,7
4,0.25,0.33375,-2128,7
5,0.25,0.25875,-1832,7
6,0.25,0.19,-1752,7
7,0.25,0.13,-1744,7
8,0.25,0.08,-1648,7
9,0.25,0.155,-1712,7
10,0.25,0.07875,-1744,7
