sweeps,magnetisation,seed
0,-0.04,3
1,-0.0575,3
2,0.015,3
3,0.00375,3
4,-0.01875,3
5,-0.04125,3
6,-0.07375,3
7,-0.05875,3
8,0.03,3
9,-0.02125,3
10,-0.0775,3
