sweeps,beta,magnetisation,energy,seed
0,0.25,1,-6400,1
1,0.25,0.7775,-4296,1
2,0.25,0.575,-3000,1
3,0.25,0.45125,-2392,1
4,0.25,0.32875,-2040,1
5,0.25,0.22875,-1720,1
6,0.25,0.125,-1864,1
7,0.25,0.11375,-1672,1
8,0.25,0.0875,-1896,1
9,0.25,0.10375,-1688,1
10,0.25,0.07625,-1672,1
