sweeps,magnetisation,seed
0,-1,8
1,-0.75,8
2,-0.58,8
3,-0.49375,8
4,-0.39625,8
5,-0.23875,8
6,-0.18,8
7,-0.1475,8
8,-0.155,8
9,-0.13375,8
10,-0.1325,8
