sweeps,beta,magnetisation,energy,seed
0,0.7,1,-4,7
1,0.7,0.99625,-3.97,7
2,0.7,0.995,-3.96,7
3,0.7,0.99625,-3.975,7
4,0.7,0.99125,-3.94,7
5,0.7,0.98875,-3.915,7
6,0.7,0.99125,-3.94,7
7,0.7,0.9875,-3.915,7
8,0.7,0.99,-3.925,7
9,0.7,0.98625,-3.9,7
10,0.7,0.98375,-3.905,7
