sweeps,beta,magnetisation,energy,seed
0,0.7,-1,-6400,1
1,0.7,-0.98875,-6272,1
2,0.7,-0.99375,-6320,1
3,0.7,-0.98875,-6264,1
4,0.7,-0.99375,-6320,1
5,0.7,-0.99375,-6320,1
6,0.7,-0.99375,-6320,1
7,0.7,-0.9925,-6312,1
8,0.7,-0.99,-6296,1
9,0.7,-0.99125,-6288,1
10,0.7,-0.9925,-6304,1
