sweeps,magnetisation,seed
0,-0.03875,10
1,-0.03125,10
2,-0.03,10
3,-0.02375,10
4,-0.0225,10
5,0.02625,10
6,-0.02,10
7,-0.0175,10
8,-0.01875,10
9,0.01,10
10,0.0025,10
