sweeps,magnetisation,seed
0,0.01375,11
1,-0.02375,11
2,0.00625,11
3,0.04,11
4,0.03,11
5,0,11
6,0.05125,11
7,0.0175,11
8,0.04,11
9,0.07875,11
10,0.09625,11
