sweeps,magnetisation,seed
0,-0.09875,2
1,-0.065,2
2,-0.07875,2
3,-0.08875,2
4,0.00375,2
5,-0.02625,2
6,-0.08625,2
7,-0.0975,2
8,-0.11,2
9,-0.06125,2
