sweeps,beta,magnetisation,energy,seed
0,0.25,1,-4,2
1,0.25,0.77375,-2.615,2
2,0.25,0.61625,-1.915,2
3,0.25,0.445,-1.515,2
4,0.25,0.32625,-1.345,2
5,0.25,0.29625,-1.225,2
6,0.25,0.22875,-1.205,2
7,0.25,0.16,-1.125,2
8,0.25,0.08,-1.125,2
9,0.25,0.06625,-1.08,2
10,0.25,0.01375,-0.975,2
